n.evals.q.1.0.	locomotion.flat._.grid.all.percentile.quality.first.agent.velocity.x.100.quality.first.agent.velocity.x	locomotion.flat._.grid.all.percentile.quality.first.agent.velocity.x.100.quality.first.agent.velocity.x.min	locomotion.flat._.grid.all.percentile.quality.first.agent.velocity.x.100.quality.first.agent.velocity.x.max	locomotion.flat._.grammar.biped.all.percentile.quality.first.agent.velocity.x.100.quality.first.agent.velocity.x	locomotion.flat._.grammar.biped.all.percentile.quality.first.agent.velocity.x.100.quality.first.agent.velocity.x.min	locomotion.flat._.grammar.biped.all.percentile.quality.first.agent.velocity.x.100.quality.first.agent.velocity.x.max	locomotion.flat._.grammar.worm.all.percentile.quality.first.agent.velocity.x.100.quality.first.agent.velocity.x	locomotion.flat._.grammar.worm.all.percentile.quality.first.agent.velocity.x.100.quality.first.agent.velocity.x.min	locomotion.flat._.grammar.worm.all.percentile.quality.first.agent.velocity.x.100.quality.first.agent.velocity.x.max
1.000e+02	3.959e-01	3.175e-01	5.070e-01	4.625e-01	3.533e-01	5.243e-01	3.476e-01	2.670e-01	3.915e-01
2.000e+02	4.324e-01	3.811e-01	5.754e-01	5.013e-01	4.422e-01	6.968e-01	4.457e-01	3.787e-01	5.220e-01
3.000e+02	5.070e-01	3.991e-01	5.881e-01	5.721e-01	4.778e-01	7.470e-01	4.970e-01	4.588e-01	5.634e-01
4.000e+02	5.822e-01	4.823e-01	6.939e-01	7.020e-01	5.016e-01	7.735e-01	5.207e-01	4.816e-01	5.807e-01
5.000e+02	5.822e-01	5.304e-01	6.939e-01	7.212e-01	5.721e-01	7.955e-01	5.470e-01	4.896e-01	5.896e-01
6.000e+02	6.350e-01	5.532e-01	7.492e-01	7.389e-01	6.130e-01	8.020e-01	5.644e-01	4.896e-01	6.058e-01
7.000e+02	6.779e-01	5.597e-01	7.887e-01	7.471e-01	6.472e-01	8.572e-01	5.737e-01	4.896e-01	6.058e-01
8.000e+02	6.831e-01	5.721e-01	7.924e-01	7.471e-01	6.482e-01	8.572e-01	5.805e-01	5.199e-01	6.297e-01
9.000e+02	6.831e-01	5.721e-01	7.924e-01	7.505e-01	6.482e-01	8.572e-01	5.881e-01	5.199e-01	6.571e-01
1.000e+03	6.907e-01	5.721e-01	7.924e-01	7.505e-01	6.482e-01	8.572e-01	5.881e-01	5.199e-01	6.571e-01
1.100e+03	6.974e-01	5.804e-01	8.225e-01	7.838e-01	7.020e-01	9.189e-01	5.881e-01	5.199e-01	6.571e-01
1.200e+03	7.212e-01	5.804e-01	8.943e-01	7.850e-01	7.168e-01	9.580e-01	5.881e-01	5.220e-01	6.571e-01
1.300e+03	7.212e-01	6.350e-01	8.943e-01	7.955e-01	7.183e-01	9.580e-01	5.896e-01	5.220e-01	6.571e-01
1.400e+03	7.492e-01	6.350e-01	8.943e-01	8.425e-01	7.347e-01	9.901e-01	6.058e-01	5.349e-01	6.695e-01
1.500e+03	7.887e-01	6.414e-01	9.034e-01	8.572e-01	7.505e-01	1.029e+00	6.058e-01	5.349e-01	6.695e-01
1.600e+03	7.887e-01	6.414e-01	9.034e-01	8.572e-01	7.838e-01	1.029e+00	6.058e-01	5.349e-01	6.695e-01
1.700e+03	7.887e-01	6.414e-01	9.034e-01	9.162e-01	7.838e-01	1.029e+00	6.058e-01	5.349e-01	6.695e-01
1.800e+03	7.887e-01	6.524e-01	9.034e-01	9.162e-01	7.838e-01	1.029e+00	6.297e-01	5.634e-01	6.707e-01
1.900e+03	7.924e-01	6.561e-01	9.195e-01	9.162e-01	7.838e-01	1.119e+00	6.297e-01	5.668e-01	6.707e-01
2.000e+03	8.027e-01	6.939e-01	9.428e-01	9.162e-01	7.838e-01	1.119e+00	6.297e-01	5.668e-01	6.707e-01
2.100e+03	8.225e-01	6.939e-01	9.428e-01	9.162e-01	7.838e-01	1.119e+00	6.401e-01	5.714e-01	6.829e-01
2.200e+03	8.590e-01	7.028e-01	9.764e-01	9.189e-01	7.838e-01	1.119e+00	6.401e-01	5.714e-01	6.829e-01
2.300e+03	8.721e-01	7.028e-01	9.830e-01	9.189e-01	7.838e-01	1.119e+00	6.401e-01	5.714e-01	6.829e-01
2.400e+03	8.721e-01	7.028e-01	9.830e-01	9.189e-01	7.838e-01	1.119e+00	6.401e-01	5.896e-01	6.829e-01
2.500e+03	8.943e-01	7.410e-01	9.935e-01	9.189e-01	7.838e-01	1.119e+00	6.487e-01	6.031e-01	6.941e-01
2.600e+03	8.943e-01	7.410e-01	9.935e-01	9.189e-01	7.838e-01	1.119e+00	6.487e-01	6.031e-01	6.941e-01
2.700e+03	9.034e-01	7.539e-01	9.935e-01	9.189e-01	7.838e-01	1.119e+00	6.487e-01	6.031e-01	6.941e-01
2.800e+03	9.034e-01	7.539e-01	9.935e-01	9.297e-01	7.838e-01	1.119e+00	6.487e-01	6.031e-01	6.941e-01
2.900e+03	9.034e-01	7.539e-01	9.935e-01	9.297e-01	7.838e-01	1.121e+00	6.487e-01	6.037e-01	6.941e-01
3.000e+03	9.195e-01	7.539e-01	1.028e+00	9.297e-01	7.838e-01	1.121e+00	6.571e-01	6.041e-01	7.200e-01
3.100e+03	9.428e-01	8.005e-01	1.030e+00	9.297e-01	7.996e-01	1.121e+00	6.571e-01	6.041e-01	7.200e-01
3.200e+03	9.428e-01	8.005e-01	1.030e+00	9.297e-01	7.996e-01	1.121e+00	6.571e-01	6.041e-01	7.200e-01
3.300e+03	9.428e-01	8.086e-01	1.030e+00	9.297e-01	7.996e-01	1.121e+00	6.695e-01	6.214e-01	7.200e-01
3.400e+03	9.428e-01	8.086e-01	1.030e+00	9.324e-01	7.996e-01	1.121e+00	6.695e-01	6.214e-01	7.200e-01
3.500e+03	9.428e-01	8.131e-01	1.030e+00	9.324e-01	7.996e-01	1.121e+00	6.695e-01	6.214e-01	7.200e-01
3.600e+03	9.731e-01	8.333e-01	1.030e+00	9.324e-01	8.246e-01	1.121e+00	6.695e-01	6.214e-01	7.200e-01
3.700e+03	9.731e-01	8.333e-01	1.030e+00	9.580e-01	8.246e-01	1.121e+00	6.695e-01	6.214e-01	7.200e-01
3.800e+03	9.731e-01	8.516e-01	1.030e+00	9.580e-01	8.425e-01	1.121e+00	6.695e-01	6.214e-01	7.200e-01
3.900e+03	9.731e-01	8.721e-01	1.030e+00	9.620e-01	8.434e-01	1.121e+00	6.695e-01	6.214e-01	7.200e-01
4.000e+03	9.731e-01	8.721e-01	1.030e+00	9.620e-01	8.456e-01	1.121e+00	6.695e-01	6.214e-01	7.200e-01
4.100e+03	9.731e-01	8.721e-01	1.030e+00	9.620e-01	8.456e-01	1.121e+00	6.695e-01	6.214e-01	7.200e-01
4.200e+03	9.731e-01	8.721e-01	1.030e+00	9.620e-01	8.525e-01	1.121e+00	6.695e-01	6.214e-01	7.200e-01
4.300e+03	9.731e-01	8.721e-01	1.030e+00	9.901e-01	8.526e-01	1.126e+00	6.695e-01	6.247e-01	7.200e-01
4.400e+03	9.731e-01	8.721e-01	1.030e+00	9.901e-01	8.572e-01	1.126e+00	6.695e-01	6.247e-01	7.200e-01
4.500e+03	9.731e-01	8.728e-01	1.030e+00	9.901e-01	8.572e-01	1.126e+00	6.695e-01	6.247e-01	7.200e-01
4.600e+03	9.731e-01	8.728e-01	1.030e+00	9.901e-01	8.572e-01	1.126e+00	6.695e-01	6.247e-01	7.200e-01
4.700e+03	9.731e-01	8.728e-01	1.030e+00	9.901e-01	8.572e-01	1.126e+00	6.707e-01	6.274e-01	7.554e-01
4.800e+03	9.731e-01	8.728e-01	1.030e+00	9.997e-01	8.869e-01	1.142e+00	6.707e-01	6.274e-01	7.554e-01
4.900e+03	9.731e-01	8.728e-01	1.030e+00	9.997e-01	8.869e-01	1.142e+00	6.707e-01	6.401e-01	7.554e-01
5.000e+03	9.731e-01	8.728e-01	1.030e+00	9.997e-01	8.869e-01	1.142e+00	6.707e-01	6.401e-01	7.554e-01
5.100e+03	9.731e-01	8.728e-01	1.030e+00	9.997e-01	8.869e-01	1.142e+00	6.707e-01	6.401e-01	7.554e-01
5.200e+03	9.731e-01	8.728e-01	1.030e+00	9.997e-01	8.869e-01	1.142e+00	6.707e-01	6.401e-01	7.554e-01
5.300e+03	9.731e-01	8.728e-01	1.031e+00	9.997e-01	8.869e-01	1.142e+00	6.707e-01	6.401e-01	7.554e-01
5.400e+03	9.731e-01	8.728e-01	1.031e+00	9.997e-01	8.869e-01	1.142e+00	6.707e-01	6.401e-01	7.554e-01
5.500e+03	9.731e-01	8.728e-01	1.031e+00	9.997e-01	8.869e-01	1.142e+00	6.707e-01	6.401e-01	7.554e-01
5.600e+03	9.731e-01	8.728e-01	1.031e+00	9.997e-01	8.869e-01	1.142e+00	6.707e-01	6.401e-01	7.554e-01
5.700e+03	9.731e-01	8.728e-01	1.031e+00	9.997e-01	8.869e-01	1.142e+00	6.707e-01	6.401e-01	7.554e-01
5.800e+03	9.731e-01	8.728e-01	1.031e+00	9.997e-01	8.869e-01	1.142e+00	6.707e-01	6.401e-01	7.554e-01
5.900e+03	9.731e-01	8.728e-01	1.031e+00	9.997e-01	8.869e-01	1.142e+00	6.707e-01	6.401e-01	7.554e-01
6.000e+03	9.731e-01	8.728e-01	1.031e+00	9.997e-01	8.869e-01	1.142e+00	6.707e-01	6.401e-01	7.554e-01
6.100e+03	9.764e-01	8.728e-01	1.031e+00	9.997e-01	8.869e-01	1.142e+00	6.707e-01	6.401e-01	7.554e-01
6.200e+03	9.764e-01	8.728e-01	1.031e+00	1.015e+00	9.162e-01	1.154e+00	6.707e-01	6.401e-01	7.554e-01
6.300e+03	9.764e-01	8.728e-01	1.031e+00	1.015e+00	9.162e-01	1.154e+00	6.707e-01	6.401e-01	7.554e-01
6.400e+03	9.776e-01	8.936e-01	1.094e+00	1.015e+00	9.162e-01	1.154e+00	6.707e-01	6.401e-01	7.554e-01
6.500e+03	9.776e-01	8.936e-01	1.094e+00	1.015e+00	9.162e-01	1.154e+00	6.707e-01	6.401e-01	7.554e-01
6.600e+03	9.776e-01	8.936e-01	1.094e+00	1.029e+00	9.215e-01	1.154e+00	6.707e-01	6.401e-01	7.554e-01
6.700e+03	9.776e-01	8.936e-01	1.094e+00	1.029e+00	9.215e-01	1.154e+00	6.707e-01	6.401e-01	7.554e-01
6.800e+03	9.776e-01	8.936e-01	1.094e+00	1.029e+00	9.215e-01	1.154e+00	6.707e-01	6.401e-01	7.554e-01
6.900e+03	9.776e-01	8.943e-01	1.094e+00	1.046e+00	9.580e-01	1.175e+00	6.707e-01	6.401e-01	7.554e-01
7.000e+03	9.776e-01	8.943e-01	1.094e+00	1.046e+00	9.580e-01	1.175e+00	6.707e-01	6.401e-01	7.554e-01
7.100e+03	9.776e-01	8.943e-01	1.094e+00	1.046e+00	9.580e-01	1.175e+00	6.789e-01	6.401e-01	7.554e-01
7.200e+03	9.776e-01	8.943e-01	1.094e+00	1.046e+00	9.580e-01	1.175e+00	6.789e-01	6.401e-01	7.554e-01
7.300e+03	9.830e-01	9.034e-01	1.121e+00	1.073e+00	9.580e-01	1.175e+00	6.789e-01	6.401e-01	7.554e-01
7.400e+03	9.830e-01	9.034e-01	1.121e+00	1.073e+00	9.580e-01	1.175e+00	6.789e-01	6.401e-01	7.554e-01
7.500e+03	9.830e-01	9.034e-01	1.121e+00	1.107e+00	9.620e-01	1.175e+00	6.789e-01	6.401e-01	7.554e-01
7.600e+03	9.830e-01	9.034e-01	1.121e+00	1.107e+00	9.620e-01	1.175e+00	6.789e-01	6.401e-01	7.554e-01
7.700e+03	9.830e-01	9.282e-01	1.121e+00	1.113e+00	9.620e-01	1.199e+00	6.789e-01	6.401e-01	7.554e-01
7.800e+03	9.830e-01	9.282e-01	1.121e+00	1.121e+00	9.620e-01	1.199e+00	6.789e-01	6.401e-01	7.554e-01
7.900e+03	9.830e-01	9.282e-01	1.121e+00	1.121e+00	9.620e-01	1.199e+00	6.789e-01	6.401e-01	7.554e-01
8.000e+03	9.830e-01	9.282e-01	1.121e+00	1.121e+00	9.620e-01	1.199e+00	6.789e-01	6.401e-01	7.554e-01
8.100e+03	9.830e-01	9.282e-01	1.121e+00	1.121e+00	9.620e-01	1.199e+00	6.789e-01	6.401e-01	7.554e-01
8.200e+03	9.830e-01	9.282e-01	1.121e+00	1.121e+00	9.620e-01	1.199e+00	6.789e-01	6.401e-01	7.554e-01
8.300e+03	9.830e-01	9.282e-01	1.121e+00	1.121e+00	9.620e-01	1.199e+00	6.789e-01	6.401e-01	7.554e-01
8.400e+03	9.830e-01	9.282e-01	1.121e+00	1.126e+00	9.835e-01	1.199e+00	6.789e-01	6.401e-01	7.554e-01
8.500e+03	9.830e-01	9.282e-01	1.121e+00	1.126e+00	9.835e-01	1.199e+00	6.789e-01	6.401e-01	7.554e-01
8.600e+03	9.830e-01	9.282e-01	1.121e+00	1.126e+00	9.835e-01	1.199e+00	6.789e-01	6.401e-01	7.554e-01
8.700e+03	9.830e-01	9.282e-01	1.121e+00	1.126e+00	9.835e-01	1.199e+00	6.789e-01	6.401e-01	7.554e-01
8.800e+03	9.830e-01	9.282e-01	1.121e+00	1.126e+00	9.835e-01	1.199e+00	6.789e-01	6.401e-01	7.554e-01
8.900e+03	9.830e-01	9.282e-01	1.121e+00	1.126e+00	9.835e-01	1.199e+00	6.789e-01	6.401e-01	7.554e-01
9.000e+03	9.830e-01	9.282e-01	1.121e+00	1.126e+00	9.835e-01	1.199e+00	6.789e-01	6.401e-01	7.554e-01
9.100e+03	9.857e-01	9.282e-01	1.137e+00	1.126e+00	9.835e-01	1.199e+00	6.789e-01	6.401e-01	7.554e-01
9.200e+03	9.857e-01	9.282e-01	1.137e+00	1.131e+00	9.901e-01	1.264e+00	6.941e-01	6.401e-01	7.554e-01
9.300e+03	9.857e-01	9.282e-01	1.137e+00	1.131e+00	9.901e-01	1.264e+00	6.941e-01	6.401e-01	7.554e-01
9.400e+03	9.857e-01	9.282e-01	1.137e+00	1.131e+00	9.901e-01	1.264e+00	6.941e-01	6.401e-01	7.554e-01
9.500e+03	9.857e-01	9.282e-01	1.145e+00	1.131e+00	9.901e-01	1.264e+00	6.941e-01	6.401e-01	7.554e-01
9.600e+03	9.857e-01	9.282e-01	1.145e+00	1.131e+00	9.901e-01	1.264e+00	6.941e-01	6.401e-01	7.554e-01
9.700e+03	9.857e-01	9.282e-01	1.145e+00	1.131e+00	9.901e-01	1.264e+00	6.941e-01	6.401e-01	7.554e-01
9.800e+03	9.857e-01	9.282e-01	1.145e+00	1.131e+00	9.901e-01	1.264e+00	6.941e-01	6.401e-01	7.554e-01
9.900e+03	9.906e-01	9.282e-01	1.161e+00	1.131e+00	9.901e-01	1.264e+00	6.941e-01	6.401e-01	7.554e-01
1.000e+04	9.906e-01	9.282e-01	1.161e+00	1.131e+00	9.901e-01	1.264e+00	6.941e-01	6.401e-01	7.554e-01
1.010e+04	9.906e-01	9.282e-01	1.161e+00	1.131e+00	9.901e-01	1.264e+00	6.941e-01	6.401e-01	7.554e-01
1.020e+04	9.906e-01	9.282e-01	1.161e+00	1.131e+00	9.901e-01	1.264e+00	6.941e-01	6.401e-01	7.554e-01
1.030e+04	9.906e-01	9.282e-01	1.161e+00	1.131e+00	9.901e-01	1.264e+00	6.941e-01	6.401e-01	7.554e-01
1.040e+04	9.906e-01	9.282e-01	1.161e+00	1.131e+00	9.901e-01	1.264e+00	6.941e-01	6.401e-01	7.554e-01
1.050e+04	9.906e-01	9.282e-01	1.203e+00	1.131e+00	9.901e-01	1.264e+00	6.941e-01	6.401e-01	7.554e-01
1.060e+04	9.906e-01	9.282e-01	1.203e+00	1.131e+00	9.901e-01	1.264e+00	6.941e-01	6.401e-01	7.554e-01
1.070e+04	1.028e+00	9.369e-01	1.203e+00	1.131e+00	9.901e-01	1.264e+00	6.941e-01	6.401e-01	7.554e-01
1.080e+04	1.031e+00	9.428e-01	1.217e+00	1.131e+00	9.901e-01	1.264e+00	6.941e-01	6.401e-01	7.554e-01
1.090e+04	1.031e+00	9.428e-01	1.217e+00	1.131e+00	9.901e-01	1.264e+00	6.941e-01	6.401e-01	7.554e-01
1.100e+04	1.031e+00	9.428e-01	1.217e+00	1.131e+00	9.901e-01	1.264e+00	6.941e-01	6.426e-01	7.554e-01
1.110e+04	1.031e+00	9.428e-01	1.217e+00	1.131e+00	9.901e-01	1.264e+00	6.941e-01	6.426e-01	7.554e-01
1.120e+04	1.031e+00	9.428e-01	1.217e+00	1.131e+00	9.901e-01	1.264e+00	6.941e-01	6.426e-01	7.554e-01
1.130e+04	1.031e+00	9.428e-01	1.217e+00	1.169e+00	1.015e+00	1.391e+00	6.941e-01	6.426e-01	7.554e-01
1.140e+04	1.031e+00	9.428e-01	1.217e+00	1.169e+00	1.015e+00	1.398e+00	6.941e-01	6.426e-01	7.554e-01
1.150e+04	1.031e+00	9.428e-01	1.217e+00	1.175e+00	1.015e+00	1.398e+00	6.941e-01	6.426e-01	7.554e-01
1.160e+04	1.031e+00	9.428e-01	1.217e+00	1.175e+00	1.015e+00	1.398e+00	6.941e-01	6.426e-01	7.554e-01
1.170e+04	1.031e+00	9.428e-01	1.217e+00	1.175e+00	1.015e+00	1.398e+00	6.941e-01	6.426e-01	7.554e-01
1.180e+04	1.031e+00	9.428e-01	1.217e+00	1.175e+00	1.015e+00	1.398e+00	6.941e-01	6.426e-01	7.554e-01
1.190e+04	1.094e+00	9.428e-01	1.217e+00	1.175e+00	1.015e+00	1.398e+00	6.941e-01	6.426e-01	7.554e-01
1.200e+04	1.094e+00	9.579e-01	1.217e+00	1.175e+00	1.015e+00	1.398e+00	6.941e-01	6.426e-01	7.554e-01
1.210e+04	1.094e+00	9.579e-01	1.217e+00	1.175e+00	1.015e+00	1.398e+00	6.941e-01	6.426e-01	7.554e-01
1.220e+04	1.094e+00	9.579e-01	1.217e+00	1.175e+00	1.015e+00	1.398e+00	6.941e-01	6.426e-01	7.554e-01
1.230e+04	1.094e+00	9.579e-01	1.217e+00	1.191e+00	1.015e+00	1.398e+00	6.941e-01	6.426e-01	7.554e-01
1.240e+04	1.094e+00	9.579e-01	1.217e+00	1.194e+00	1.015e+00	1.398e+00	6.941e-01	6.426e-01	7.554e-01
1.250e+04	1.094e+00	9.579e-01	1.217e+00	1.194e+00	1.015e+00	1.398e+00	6.941e-01	6.426e-01	7.554e-01
1.260e+04	1.094e+00	9.579e-01	1.217e+00	1.194e+00	1.015e+00	1.398e+00	6.941e-01	6.426e-01	7.554e-01
1.270e+04	1.094e+00	9.579e-01	1.217e+00	1.194e+00	1.015e+00	1.398e+00	6.941e-01	6.426e-01	7.554e-01
1.280e+04	1.094e+00	9.579e-01	1.217e+00	1.194e+00	1.015e+00	1.398e+00	6.941e-01	6.426e-01	7.554e-01
1.290e+04	1.117e+00	9.621e-01	1.226e+00	1.194e+00	1.015e+00	1.398e+00	6.941e-01	6.426e-01	7.554e-01
1.300e+04	1.117e+00	9.621e-01	1.226e+00	1.194e+00	1.029e+00	1.398e+00	6.941e-01	6.426e-01	7.554e-01
1.310e+04	1.117e+00	9.621e-01	1.226e+00	1.194e+00	1.029e+00	1.398e+00	6.941e-01	6.426e-01	7.554e-01
1.320e+04	1.117e+00	9.678e-01	1.226e+00	1.194e+00	1.029e+00	1.398e+00	6.941e-01	6.426e-01	7.554e-01
1.330e+04	1.117e+00	9.678e-01	1.226e+00	1.194e+00	1.029e+00	1.398e+00	6.941e-01	6.426e-01	7.554e-01
1.340e+04	1.117e+00	9.678e-01	1.226e+00	1.194e+00	1.029e+00	1.398e+00	6.941e-01	6.426e-01	7.554e-01
1.350e+04	1.117e+00	9.678e-01	1.226e+00	1.194e+00	1.029e+00	1.398e+00	6.941e-01	6.426e-01	7.554e-01
1.360e+04	1.117e+00	9.678e-01	1.226e+00	1.194e+00	1.029e+00	1.398e+00	6.941e-01	6.426e-01	7.554e-01
1.370e+04	1.117e+00	9.678e-01	1.226e+00	1.194e+00	1.029e+00	1.398e+00	6.941e-01	6.426e-01	7.554e-01
1.380e+04	1.117e+00	9.678e-01	1.332e+00	1.194e+00	1.029e+00	1.398e+00	6.941e-01	6.426e-01	7.554e-01
1.390e+04	1.117e+00	9.678e-01	1.332e+00	1.194e+00	1.029e+00	1.398e+00	6.941e-01	6.541e-01	7.554e-01
1.400e+04	1.117e+00	9.678e-01	1.343e+00	1.194e+00	1.029e+00	1.398e+00	6.941e-01	6.541e-01	7.554e-01
1.410e+04	1.117e+00	9.678e-01	1.343e+00	1.194e+00	1.029e+00	1.398e+00	6.941e-01	6.541e-01	7.554e-01
1.420e+04	1.117e+00	9.678e-01	1.343e+00	1.194e+00	1.029e+00	1.398e+00	6.941e-01	6.541e-01	7.554e-01
1.430e+04	1.117e+00	9.764e-01	1.343e+00	1.194e+00	1.029e+00	1.398e+00	6.941e-01	6.541e-01	7.554e-01
1.440e+04	1.117e+00	9.764e-01	1.343e+00	1.194e+00	1.029e+00	1.398e+00	6.941e-01	6.541e-01	7.554e-01
1.450e+04	1.117e+00	9.764e-01	1.343e+00	1.194e+00	1.029e+00	1.398e+00	6.941e-01	6.571e-01	7.554e-01
1.460e+04	1.117e+00	9.764e-01	1.343e+00	1.194e+00	1.029e+00	1.398e+00	6.941e-01	6.571e-01	7.554e-01
1.470e+04	1.117e+00	9.764e-01	1.343e+00	1.194e+00	1.029e+00	1.398e+00	6.941e-01	6.571e-01	7.554e-01
1.480e+04	1.117e+00	9.764e-01	1.343e+00	1.194e+00	1.029e+00	1.398e+00	6.941e-01	6.571e-01	7.554e-01
1.490e+04	1.117e+00	9.764e-01	1.343e+00	1.194e+00	1.029e+00	1.398e+00	6.941e-01	6.571e-01	7.554e-01
1.500e+04	1.117e+00	9.764e-01	1.343e+00	1.194e+00	1.029e+00	1.398e+00	6.941e-01	6.571e-01	7.554e-01
1.510e+04	1.117e+00	9.764e-01	1.343e+00	1.194e+00	1.029e+00	1.398e+00	6.941e-01	6.571e-01	7.554e-01
1.520e+04	1.117e+00	9.764e-01	1.343e+00	1.194e+00	1.029e+00	1.398e+00	6.941e-01	6.571e-01	7.554e-01
1.530e+04	1.117e+00	9.764e-01	1.343e+00	1.194e+00	1.029e+00	1.398e+00	6.941e-01	6.571e-01	7.554e-01
1.540e+04	1.121e+00	9.764e-01	1.343e+00	1.194e+00	1.029e+00	1.398e+00	6.941e-01	6.571e-01	7.554e-01
1.550e+04	1.121e+00	9.764e-01	1.343e+00	1.194e+00	1.029e+00	1.398e+00	6.990e-01	6.695e-01	8.113e-01
1.560e+04	1.121e+00	9.764e-01	1.343e+00	1.194e+00	1.029e+00	1.398e+00	6.990e-01	6.695e-01	8.113e-01
1.570e+04	1.121e+00	9.764e-01	1.343e+00	1.194e+00	1.029e+00	1.398e+00	6.990e-01	6.695e-01	8.113e-01
1.580e+04	1.121e+00	9.764e-01	1.343e+00	1.194e+00	1.029e+00	1.398e+00	6.990e-01	6.695e-01	8.113e-01
1.590e+04	1.121e+00	9.764e-01	1.343e+00	1.194e+00	1.044e+00	1.398e+00	6.990e-01	6.695e-01	8.113e-01
1.600e+04	1.121e+00	9.764e-01	1.343e+00	1.194e+00	1.044e+00	1.398e+00	6.990e-01	6.695e-01	8.113e-01
1.610e+04	1.126e+00	9.776e-01	1.346e+00	1.194e+00	1.044e+00	1.398e+00	6.990e-01	6.695e-01	8.113e-01
1.620e+04	1.126e+00	9.776e-01	1.346e+00	1.194e+00	1.044e+00	1.398e+00	6.990e-01	6.695e-01	8.113e-01
1.630e+04	1.126e+00	9.776e-01	1.346e+00	1.199e+00	1.044e+00	1.398e+00	6.990e-01	6.695e-01	8.113e-01
1.640e+04	1.126e+00	9.776e-01	1.346e+00	1.199e+00	1.044e+00	1.398e+00	6.990e-01	6.695e-01	8.113e-01
1.650e+04	1.126e+00	9.776e-01	1.346e+00	1.199e+00	1.044e+00	1.398e+00	6.990e-01	6.695e-01	8.113e-01
1.660e+04	1.126e+00	9.776e-01	1.346e+00	1.199e+00	1.044e+00	1.398e+00	6.990e-01	6.695e-01	8.113e-01
1.670e+04	1.126e+00	9.776e-01	1.346e+00	1.199e+00	1.044e+00	1.398e+00	6.990e-01	6.695e-01	8.113e-01
1.680e+04	1.126e+00	9.776e-01	1.346e+00	1.199e+00	1.044e+00	1.398e+00	6.990e-01	6.695e-01	8.113e-01
1.690e+04	1.126e+00	9.776e-01	1.346e+00	1.199e+00	1.058e+00	1.398e+00	6.990e-01	6.695e-01	8.113e-01
1.700e+04	1.126e+00	9.776e-01	1.346e+00	1.199e+00	1.058e+00	1.398e+00	6.990e-01	6.695e-01	8.113e-01
1.710e+04	1.126e+00	9.776e-01	1.346e+00	1.209e+00	1.058e+00	1.398e+00	6.990e-01	6.695e-01	8.113e-01
1.720e+04	1.126e+00	9.776e-01	1.346e+00	1.209e+00	1.058e+00	1.398e+00	7.128e-01	6.695e-01	8.449e-01
1.730e+04	1.126e+00	9.776e-01	1.346e+00	1.209e+00	1.058e+00	1.398e+00	7.128e-01	6.695e-01	8.449e-01
1.740e+04	1.126e+00	9.776e-01	1.346e+00	1.209e+00	1.058e+00	1.398e+00	7.128e-01	6.695e-01	8.449e-01
1.750e+04	1.126e+00	9.857e-01	1.346e+00	1.209e+00	1.058e+00	1.398e+00	7.128e-01	6.695e-01	8.449e-01
1.760e+04	1.126e+00	9.857e-01	1.346e+00	1.209e+00	1.058e+00	1.398e+00	7.128e-01	6.695e-01	8.449e-01
1.770e+04	1.137e+00	1.028e+00	1.351e+00	1.209e+00	1.058e+00	1.398e+00	7.128e-01	6.695e-01	8.449e-01
1.780e+04	1.137e+00	1.028e+00	1.351e+00	1.209e+00	1.058e+00	1.398e+00	7.128e-01	6.695e-01	8.449e-01
1.790e+04	1.137e+00	1.028e+00	1.351e+00	1.209e+00	1.058e+00	1.398e+00	7.128e-01	6.695e-01	8.449e-01
1.800e+04	1.137e+00	1.028e+00	1.351e+00	1.209e+00	1.058e+00	1.398e+00	7.128e-01	6.695e-01	8.449e-01
1.810e+04	1.137e+00	1.028e+00	1.351e+00	1.209e+00	1.058e+00	1.398e+00	7.128e-01	6.695e-01	8.449e-01
1.820e+04	1.137e+00	1.028e+00	1.361e+00	1.209e+00	1.058e+00	1.398e+00	7.128e-01	6.695e-01	8.449e-01
1.830e+04	1.137e+00	1.028e+00	1.361e+00	1.209e+00	1.058e+00	1.398e+00	7.128e-01	6.695e-01	8.449e-01
1.840e+04	1.137e+00	1.028e+00	1.361e+00	1.209e+00	1.058e+00	1.398e+00	7.128e-01	6.695e-01	8.449e-01
1.850e+04	1.137e+00	1.028e+00	1.361e+00	1.215e+00	1.121e+00	1.398e+00	7.128e-01	6.695e-01	8.449e-01
1.860e+04	1.137e+00	1.028e+00	1.361e+00	1.215e+00	1.121e+00	1.401e+00	7.128e-01	6.695e-01	8.449e-01
1.870e+04	1.137e+00	1.028e+00	1.361e+00	1.215e+00	1.121e+00	1.401e+00	7.128e-01	6.695e-01	8.449e-01
1.880e+04	1.137e+00	1.028e+00	1.361e+00	1.215e+00	1.121e+00	1.401e+00	7.128e-01	6.695e-01	8.449e-01
1.890e+04	1.195e+00	1.038e+00	1.361e+00	1.215e+00	1.121e+00	1.401e+00	7.128e-01	6.695e-01	8.449e-01
1.900e+04	1.203e+00	1.056e+00	1.361e+00	1.215e+00	1.121e+00	1.401e+00	7.128e-01	6.695e-01	8.449e-01
1.910e+04	1.203e+00	1.056e+00	1.361e+00	1.215e+00	1.121e+00	1.401e+00	7.128e-01	6.695e-01	8.449e-01
1.920e+04	1.203e+00	1.056e+00	1.361e+00	1.215e+00	1.121e+00	1.401e+00	7.128e-01	6.695e-01	8.449e-01
1.930e+04	1.226e+00	1.056e+00	1.361e+00	1.215e+00	1.121e+00	1.401e+00	7.128e-01	6.695e-01	8.449e-01
1.940e+04	1.226e+00	1.056e+00	1.361e+00	1.215e+00	1.121e+00	1.401e+00	7.128e-01	6.695e-01	8.449e-01
1.950e+04	1.226e+00	1.056e+00	1.361e+00	1.215e+00	1.121e+00	1.401e+00	7.128e-01	6.695e-01	8.449e-01
1.960e+04	1.226e+00	1.056e+00	1.361e+00	1.215e+00	1.121e+00	1.401e+00	7.128e-01	6.695e-01	8.449e-01
1.970e+04	1.226e+00	1.056e+00	1.361e+00	1.215e+00	1.121e+00	1.401e+00	7.128e-01	6.695e-01	8.449e-01
1.980e+04	1.226e+00	1.056e+00	1.361e+00	1.215e+00	1.121e+00	1.401e+00	7.128e-01	6.695e-01	8.449e-01
1.990e+04	1.226e+00	1.056e+00	1.361e+00	1.215e+00	1.121e+00	1.401e+00	7.128e-01	6.695e-01	8.449e-01
2.000e+04	1.226e+00	1.056e+00	1.361e+00	1.215e+00	1.121e+00	1.401e+00	7.128e-01	6.695e-01	8.449e-01
